name,id
Tim Robbins,1
Marlon Brando,2
Christian Bale,3
Al Pacino,4
Henry Fonda,5
Elijah Wood,6
John Travolta,7
Liam Neeson,8
Leonardo DiCaprio,9
Brad Pitt,10
Tom Hanks,12
Clint Eastwood,13
Lilly Wachowski,15
Robert De Niro,16
Mark Hamill,17
Jack Nicholson,18
Lin-Manuel Miranda,19
Kang-ho Song,20
Suriya,21
Matthew McConaughey,22
Kátia Lund,23
Daveigh Chase,24
Roberto Benigni,27
Morgan Freeman,28
Jodie Foster,29
Tatsuya Nakadai,31
Toshirô Mifune,32
James Stewart,33
Joaquin Phoenix,34
Miles Teller,35
Éric Toledano,36
Adrien Brody,39
Russell Crowe,40
Edward Norton,41
Kevin Spacey,42
Jean Reno,43
Rob Minkoff,44
Arnold Schwarzenegger,45
Philippe Noiret,46
Tsutomu Tatsumi,47
Michael J. Fox,48
Anthony Perkins,50
Humphrey Bogart,51
Charles Chaplin,52
Zain Al Rafeea,54
Erdem Can,55
Pushkar,56
Ryûnosuke Kamiki,57
Aamir Khan,58
Peter Ramsey,59
Joe Russo,60
Adrian Molina,62
Jamie Foxx,63
Amole Gupte,66
Ben Burtt,67
Ulrich Mühe,68
Choi Min-sik,69
Guy Pearce,70
Yôji Matsuda,71
Harrison Ford,73
Martin Sheen,75
Sigourney Weaver,76
Rajesh Khanna,77
Peter Sellers,79
Tyrone Power,80
Kirk Douglas,81
William Holden,83
Dean-Charles Chapman,85
Anand Gandhi,86
Ayushmann Khurrana,87
Mohanlal,88
Mads Mikkelsen,89
Payman Maadi,90
Lubna Azabal,91
Aras Bulut Iynemli,92
Çetin Tekindor,93
Jim Carrey,95
Audrey Tautou,96
Jason Statham,97
Ellen Burstyn,98
Robin Williams,100
Mohammad Amir Naji,101
Mel Gibson,103
Harvey Keitel,104
Matthew Modine,105
Aleksey Kravchenko,106
F. Murray Abraham,108
Jürgen Prochnow,111
Paul Newman,113
Malcolm McDowell,114
Keir Dullea,115
Peter O'Toole,117
Jack Lemmon,118
Cary Grant,119
Gene Kelly,121
Takashi Shimura,122
Lamberto Maggiorani,123
Fred MacMurray,124
Orson Welles,125
Peter Lorre,126
Brigitte Helm,127
Sushant Singh Rajput,129
Vicky Kaushal,130
Yash,131
Viggo Mortensen,132
Frances McDormand,133
Irrfan Khan,134
Prabhas,135
Carlos Martínez López,136
Ajay Devgn,137
Kangana Ranaut,138
Lembit Ulfsak,139
Farhan Akhtar,140
Manoj Bajpayee,141
Rajat Barmecha,142
Ricardo Darín,144
Tom Hardy,145
Bob Peterson,147
Shah Rukh Khan,149
Daniel Day-Lewis,150
Ivana Baquero,151
Hugo Weaving,153
Amitabh Bachchan,155
Bruno Ganz,158
Chieko Baishô,159
Akshay Kumar,161
Jason Flemyng,162
Sener Sen,164
Davor Dujmovic,170
Hitoshi Takagi,171
Bruce Willis,172
Alisa Freyndlikh,175
Ingrid Bergman,176
Anthony Quinn,177
Sanjeev Kumar,178
Terry Jones,179
Steve McQueen,180
Gregory Peck,181
Spencer Tracy,183
Marilyn Monroe,184
Victor Sjöström,185
Max von Sydow,186
Jean Servais,187
Ray Milland,188
Chishû Ryû,189
Bette Davis,191
Carole Lombard,193
Buster Keaton,195
Noémie Merlant,196
Taapsee Pannu,197
Miyu Irino,198
Mario Casas,199
Kim Min-hee,200
Anne Dorval,201
Shahid Kapoor,202
Hugh Jackman,203
Brie Larson,204
Darío Grandinetti,205
Kemp Powers,206
Haluk Bilginer,207
Paresh Rawal,209
Ralph Fiennes,210
Ben Affleck,211
Aoi Miyazaki,212
Andrew Garfield,213
Ronnie Del Carmen,214
Ranbir Kapoor,215
Chiwetel Ejiofor,216
Daniel Brühl,217
Matt Damon,218
Mark Ruffalo,219
David Rawle,220
Vidya Balan,221
Hrithik Roshan,222
Anupam Kher,225
Daniel Radcliffe,227
Masahiro Motoki,228
Richard Gere,229
Toni Collette,230
Chris Sanders,231
Emile Hirsch,232
Joel Coen,233
Sanjay Dutt,234
Hilary Swank,235
Don Cheadle,236
Jang Dong-Gun,237
Ethan Hawke,238
Uma Thurman,242
Lee Unkrich,243
Emilio Echevarría,245
David Silverman,246
Kazuya Tsurumaki,247
Tim Roth,250
Bajram Severdzan,252
Ethan Coen,253
Tony Chiu-Wai Leung,254
Ewan McGregor,255
Predrag 'Miki' Manojlovic,257
Vincent Cassel,258
Irène Jacob,261
Brigitte Lin,262
Sam Neill,263
Leslie Cheung,265
Gong Li,266
Wil Wheaton,268
Charlie Sheen,269
Harry Dean Stanton,270
Sumi Shimamoto,271
Kurt Russell,272
Bob Geldof,273
Klaus Kinski,274
Bertil Guve,275
Anthony Hopkins,277
Graham Chapman,278
Sylvester Stallone,280
Faye Dunaway,281
Ryan O'Neal,282
Margarita Terekhova,283
Harriet Andersson,286
Natalya Bondarchuk,287
Alain Delon,288
Bibi Andersson,290
Anatoliy Solonitsyn,291
Brahim Hadjadj,292
Silvia Pinal,293
Eduard Abalov,297
Jean-Pierre Léaud,300
Charlton Heston,301
Giulietta Masina,303
Yves Montand,307
James Cagney,309
Emeric Pressburger,311
Margaret Sullavan,312
Laurence Olivier,313
George Cukor,315
Jean Gabin,316
Clark Gable,317
Maria Falconetti,318
George O'Brien,320
Werner Krauss,322
Willem Dafoe,324
Salman Khan,326
Ryan Gosling,328
Dev Patel,329
Rich Moore,331
Chloë Grace Moretz,333
Jacob Tremblay,334
Vijay Varma,335
Iko Uwais,338
Benedict Cumberbatch,339
Chris Pratt,340
Rami Malek,343
Logan Lerman,345
Wagner Moura,346
Colin Firth,347
Emma Stone,348
Ryan Reynolds,349
Golshifteh Farahani,350
Abhay Deol,351
Donnie Yen,352
Loveleen Tandan,355
Natalie Portman,356
Robert Downey Jr.,358
Marjane Satrapi,359
Will Smith,361
Seung-Yun Lee,364
Quentin Tarantino,365
Laura Obiols,366
Cem Yilmaz,367
Jan Pinkava,368
Daniel Craig,369
Vladimir Garin,371
Ki-duk Kim,372
Javier Bardem,373
Preity Zinta,375
Alan Mak,376
Johnny Depp,377
Craig T. Nelson,379
Tae-Hyun Cha,380
Nicole Kidman,381
Ömer Faruk Sorak,382
Jake Gyllenhaal,383
Tom Cruise,384
Björk,385
Richard Farnsworth,386
Junko Iwao,387
Ulrich Thomsen,388
Fernanda Montenegro,389
Eli Marienthal,390
Til Schweiger,391
Billy Bob Thornton,392
Timothy Spall,393
Atsuko Tanaka,395
Danny Elfman,396
Bill Murray,397
Damian Chapa,398
John Musker,400
Kevin Costner,401
Kirk Wise,402
Danny Aiello,404
Dustin Hoffman,405
Mitsuo Iwata,406
Cary Elwes,407
Gaspard Manesse,409
Mayumi Tanaka,410
Ben Kingsley,412
Woody Allen,415
Roy Scheider,416
Gene Wilder,418
Timothy Bottoms,422
Topol,423
Jean-Louis Trintignant,424
Mia Farrow,426
Elizabeth Taylor,429
Julie Andrews,430
Omar Sharif,431
Marcello Mastroianni,433
Anna Karina,434
John Wayne,437
Burt Lancaster,441
Sterling Hayden,442
Robert Mitchum,443
Simone Signoret,445
Vivien Leigh,448
Dennis Price,450
Celia Johnson,453
Gene Tierney,454
Myrna Loy,455
Marcel Dalio,460
William Powell,461
Lew Ayres,462
Aleksandr Antonov,463
Lily Franky,466
Adam Driver,467
Armie Hammer,468
Bryan Cranston,470
Ferdia Walsh-Peelo,473
Chris Hemsworth,474
Roman Griffin Davis,476
Amy Adams,477
Daisy Ridley,478
Patrick Stewart,480
Muhammet Uzuner,481
Jean Dujardin,482
Tahar Rahim,486
Sam Rockwell,487
Kåre Hedebrant,488
Sharlto Copley,489
Mickey Rourke,490
Ellar Coltrane,492
Anamaria Marinca,493
Chris Pine,494
Colin Farrell,495
David Lee Smith,496
Ken Watanabe,497
Lee Pace,498
Suraj Sharma,499
George Clooney,500
Michel Côté,501
Gérard Jugnot,502
Simon Pegg,504
Birol Ünel,505
Sean Penn,506
Jet Li,508
Rosario Flores,509
Branko Djuric,510
Tensai Okamura,511
Franka Potente,512
Julianne Moore,514
Billy Crudup,515
Naomi Watts,516
Ash Brannon,517
Mark Wahlberg,518
Yoko Honna,519
Rena Owen,520
Christian Slater,521
Juliette Binoche,522
Kôichi Yamadera,523
Martin Landau,527
Jonathan Pryce,530
Rob Reiner,531
Peter Billingsley,532
John Belushi,533
David Emge,536
Alejandro Jodorowsky,538
Magali Noël,539
Fernando Rey,540
Ruth Gordon,542
George C. Scott,543
Duane Jones,545
Sidney Poitier,547
Frank Sinatra,549
Gabriele Ferzetti,551
Emmanuelle Riva,552
James Dean,555
Gary Cooper,556
Farley Granger,557
Edmund Gwenn,559
William Keighley,565
Edmund Goulding,566
Ernest B. Schoedsack,567
Wallace Ford,568
Max Schreck,569
Alia Bhatt,571
Riz Ahmed,572
Shahab Hosseini,573
Fionn Whitehead,574
Giuseppe Battiston,575
Taraji P. Henson,576
Ben Whishaw,577
Charlize Theron,579
Casey Affleck,581
Roland Møller,582
Felicity Jones,583
Samuel L. Jackson,585
Saoirse Ronan,586
Hugh Welchman,587
Bill Nighy,588
Bérénice Bejo,589
Toni Servillo,590
Chris Williams,593
Domhnall Gleeson,594
Sridevi,595
Hideaki Anno,596
Geoffrey Rush,598
Jared Gilman,599
Jay Baruchel,600
Takako Matsu,602
Lee Byung-Hun,603
Won Bin,606
O'Shea Jackson Jr.,607
Hye-ja Kim,608
Kim Yoon-seok,609
Ian McKellen,610
Christian Friedel,611
Michael Nyqvist,612
Eddie Redmayne,613
Asa Butterfield,617
Glen Hansard,618
Martin Freeman,619
Baki Davrak,620
Keira Knightley,621
Denzel Washington,623
Sam Worthington,624
Jared Leto,625
Gerardo Taracena,626
Valerie Faris,627
Shôgo Furuya,634
Nathan Fillion,635
Andreas Wilson,637
Gena Rowlands,638
Gael García Bernal,639
Oksana Akinshina,640
Michèle Caucheteux,641
Lee Yeong-ae,642
Jim Caviezel,643
Yun-Fat Chow,646
Cecilia Roth,647
Vicky Jenson,652
Takeshi Kitano,654
Michael Douglas,656
Emily Watson,657
Kevin Jarre,660
Tom Guiry,661
David Thewlis,663
Boyd Kirkland,666
Winona Ryder,668
Cuba Gooding Jr.,670
James Caan,671
Kirsten Dunst,673
Matthew Broderick,674
Gene Hackman,677
Bruce Campbell,679
Tom Waits,681
Sean Astin,682
Danny Glover,683
Emilio Estevez,684
Sam Waterston,685
Sam Shepard,687
Henry Thomas,689
Sean Connery,693
Barry Bostwick,695
Edward Fox,696
Liza Minnelli,698
Audrey Hepburn,701
Warren Beatty,703
Andrew Marton,706
Jeanne Moreau,707
Deborah Kerr,708
Jean-Paul Belmondo,709
Arthur Rosson,710
Teresa Wright,713
Margaret Lockwood,715
Katharine Hepburn,716
Boris Karloff,717
Groucho Marx,718
Richard Rosson,719
Colin Clive,720
Yalitza Aparicio,721
Josh O'Connor,722
Kelsey Asbille,724
Daniel Kaluuya,725
Rolf Lassgård,727
Taika Waititi,728
Hiromasa Yonebayashi,729
Shailene Woodley,732
Thomas Mann,733
Michael Keaton,734
Léa Seydoux,735
Amit Sadh,736
Veerle Baetens,737
Bruce Dern,740
John C. Reilly,741
Jeff Bridges,742
Owen Wilson,744
Phil Lord,745
Sandra Bullock,746
Abraham Attah,748
Jesse Eisenberg,749
James McAvoy,750
Zach Galifianakis,751
Bradley Cooper,753
Zooey Deschanel,755
Cate Blanchett,757
Frank Langella,758
Megumi Hayashibara,759
Angelina Jolie,760
Madeline Carroll,761
Riisa Naka,762
Tatsuya Fujiwara,763
Thomas Turgoose,764
Alicia Vikander,765
Josh Hartnett,769
Diane Kruger,770
Sam Riley,771
Byron Howard,772
Carice van Houten,773
Stephen Chow,777
Dakota Fanning,784
Eileen Walsh,786
Paddy Considine,788
Nicolas Cage,790
Moritz Bleibtreu,793
Jamie Bell,794
John Cameron Mitchell,795
Andrew Philpot,797
James Marsden,799
Trey Parker,800
Ron Livingston,801
Jane Adams,802
Jason Schwartzman,804
Eduardo Noriega,805
John Cusack,806
Thierry Lhermitte,809
Kenneth Branagh,813
Liesel Matthews,814
Leon Lai,815
Massimo Troisi,816
Brian O'Halloran,817
Andie MacDowell,818
Michael Caine,820
Shûichirô Moriyama,823
Kathy Bates,826
Bob Hoskins,829
Bernard-Pierre Donnadieu,830
Richard E. Grant,831
John Lone,832
Isabella Rossellini,835
Griffin Dunne,837
William Shatner,840
Donald Sutherland,842
David Zucker,843
Yasuo Yamada,844
Donald Pleasence,845
Roman Polanski,846
Walter Matthau,848
Cleavon Little,849
Bruce Lee,851
Jon Voight,852
Richard Burton,855
Lee Marvin,857
Catherine Deneuve,858
Paul Scofield,859
Stanley Baker,861
Rod Taylor,863
Karlheinz Böhm,865
Yul Brynner,866
Pierre Brasseur,867
Kevin McCarthy,868
Alec Guinness,870
Michael Rennie,873
Rita Hayworth,875
Samuel Armstrong,876
Claude Rains,877
John Cho,879
Maryana Spivak,881
Brooklynn Prince,882
Michael B. Jordan,883
Chris Evans,884
Michael Schwartz,885
Laia Costa,886
Günes Sensoy,887
Ansel Elgort,889
Josh Brolin,890
Emily Blunt,894
Aleksey Serebryakov,896
Judi Dench,898
Gary Oldman,899
Jose Coronado,900
Amy Poehler,903
Lady Gaga,904
Mikael Persbrandt,906
Chris Renaud,907
Joseph Gordon-Levitt,908
Aaron Taylor-Johnson,909
Luis Tosar,910
Antonio Banderas,912
Jürgen Vogel,914
Quinton Aaron,916
Richard Jenkins,917
Charlie Cox,920
Nora Twomey,921
Marion Cotillard,924
Gerard Butler,929
Scarlett Johansson,930
Jackie Earle Haley,931
Philip Seymour Hoffman,934
Brady Corbet,935
Guillaume Canet,936
Peter Dinklage,938
J. Mackye Gruber,943
Cillian Murphy,944
Maribel Verdú,947
Jude Law,951
Barry Cook,957
Susanne Lothar,959
Rufus Sewell,960
Bill Pullman,962
Emma Thompson,963
Zbigniew Zamachowski,968
Jason London,970
Joe Pesci,971
Miki Imai,972
Jean-Pierre Jeunet,973
Macaulay Culkin,974
Billy Crystal,976
Leslie Nielsen,978
Steve Martin,979
Michael Beck,984
Jim Henson,985
John Hubley,987
Brad Davis,988
Richard Dreyfuss,989
Elliott Gould,990
Rod Steiger,991
Phil Harris,993
David Hemmings,994
John Lennon,995
Tallulah Bankhead,999
Robert Donat,1000
Heath Ledger,3
Lee J. Cobb,5
Robin Wright,12
Eli Wallach,13
Keanu Reeves,15
Ray Liotta,16
Louise Fletcher,18
Phillipa Soo,19
Lee Sun-kyun,20
Madhavan,21
Anne Hathaway,22
Alexandre Rodrigues,23
Suzanne Pleshette,24
Michael Clarke Duncan,26
Nicoletta Braschi,27
Akira Ishihama,31
Donna Reed,33
J.K. Simmons,35
François Cluzet,36
Thomas Kretschmann,39
Edward Furlong,41
Gabriel Byrne,42
Linda Hamilton,45
Enzo Cannavale,46
Ayano Shiraishi,47
Christopher Lloyd,48
Charles Bronson,49
Janet Leigh,50
Paulette Goddard,52
Virginia Cherrill,53
Yordanos Shiferaw,54
Mone Kamishiraishi,57
Sakshi Tanwar,58
Rodney Rothman,59
Anthony Gonzalez,62
Christoph Waltz,63
Darsheel Safary,66
Elissa Knight,67
Martina Gedeck,68
Yoo Ji-Tae,69
Carrie-Anne Moss,70
Yuriko Ishida,71
James Woods,72
Karen Allen,73
Shelley Duvall,74
Tom Skerritt,76
Yutaka Sada,78
Marlene Dietrich,80
Ralph Meeker,81
Grace Kelly,82
Gloria Swanson,83
George MacKay,85
Adesh Prasad,86
Tabu,87
Meena,88
Thomas Bo Larsen,89
Leila Hatami,90
Mélissa Désormeaux-Poulin,91
Nisa Sofiya Aksongur,92
Fikret Kuskan,93
Kate Winslet,95
Mathieu Kassovitz,96
Annette Bening,99
Amir Farrokh Hashemian,101
Tim Allen,102
Sophie Marceau,103
R. Lee Ermey,105
Olga Mironova,106
Michael Biehn,107
Tom Hulce,108
Michelle Pfeiffer,109
Herbert Grönemeyer,111
Robert Redford,113
Patrick Magee,114
Gary Lockwood,115
Lee Van Cleef,116
Shirley MacLaine,118
Eva Marie Saint,119
Kim Novak,120
Nobuo Kaneko,122
Enzo Staiola,123
Barbara Stanwyck,124
Joseph Cotten,125
Ellen Widmann,126
Alfred Abel,127
Edna Purviance,128
Shraddha Kapoor,129
Srinidhi Shetty,131
Mahershala Ali,132
Woody Harrelson,133
Konkona Sen Sharma,134
Rana Daggubati,135
Shriya Saran,137
Rajkummar Rao,138
Elmo Nüganen,139
Sonam Kapoor,140
Richa Chadha,141
Ronit Roy,142
Mahie Gill,143
Soledad Villamil,144
Nick Nolte,145
Emily Mortimer,146
Edward Asner,147
Jonah Hill,148
Vidya Malvade,149
Paul Dano,150
Ariadna Gil,151
Soha Ali Khan,154
Rani Mukerji,155
Gayatri Joshi,157
Alexandra Maria Lara,158
Takuya Kimura,159
Ed Harris,160
Sunil Shetty,161
Dexter Fletcher,162
Ugur Yücel,164
Sharon Stone,166
Bora Todorovic,170
Noriko Hidaka,171
Alan Rickman,172
Akira Terao,173
Cathy Moriarty,174
Aleksandr Kaydanovskiy,175
Liv Ullmann,176
Irene Papas,177
Dharmendra,178
James Garner,180
John Megna,181
Eijirô Tôno,182
Tony Curtis,184
Gunnar Björnstrand,186
Carl Möhner,187
Chieko Higashiyama,189
Machiko Kyô,190
Anne Baxter,191
Walter Huston,192
Jack Benny,193
Mack Swain,194
Kathryn McGuire,195
Adèle Haenel,196
Saori Hayami,198
Ana Wagener,199
Jung-woo Ha,200
Antoine Olivier Pilon,201
María Marull,205
Melisa Sözen,207
Anushka Sharma,208
Rosamund Pike,211
Takao Osawa,212
Priyanka Chopra,215
Michael Kenneth Williams,216
Brendan Gleeson,220
Parambrata Chattopadhyay,221
Naseeruddin Shah,225
Bee Vang,226
Emma Watson,227
Ryôko Hirosue,228
Joan Allen,229
Vince Vaughn,232
Tommy Lee Jones,233
Arshad Warsi,234
Sophie Okonedo,236
Julie Delpy,238
Kim Sang-kyung,240
Saif Ali Khan,241
David Carradine,242
Albert Brooks,243
Megumi Ogata,247
Raghuvir Yadav,248
Haley Joel Osment,249
Pruitt Taylor Vince,250
Srdjan 'Zika' Todorovic,252
Maggie Cheung,254
Ewen Bremner,255
William H. Macy,256
Lazar Ristovski,257
Hubert Koundé,258
Kajol,259
Takeshi Kaneshiro,262
Laura Dern,263
Pete Postlethwaite,264
Fengyi Zhang,265
Jingwu Ma,266
Robert Sean Leonard,267
River Phoenix,268
Tom Berenger,269
Nastassja Kinski,270
Mahito Tsujimura,271
Wilford Brimley,272
Christine Hargreaves,273
Claudia Cardinale,274
Pernilla Allwin,275
Rutger Hauer,276
John Hurt,277
John Cleese,278
Christopher Walken,279
Talia Shire,280
Marisa Berenson,282
Filipp Yankovskiy,283
Tatum O'Neal,285
Donatas Banionis,287
François Périer,288
George Kennedy,289
Ivan Lapikov,291
Jean Martin,292
Jacqueline Andere,293
Joan Crawford,294
Nikolay Burlyaev,297
Birgitta Valberg,298
Fredric March,299
Albert Rémy,300
Jack Hawkins,301
Misa Uehara,302
Minoru Chiaki,304
Karl Malden,306
Charles Vanel,307
Jan Sterling,308
Virginia Mayo,309
Anton Walbrook,311
Joan Fontaine,313
Jean Arthur,314
Sam Wood,315
Dita Parlo,316
Claudette Colbert,317
Eugene Silvain,318
Merna Kennedy,319
Janet Gaynor,320
Conrad Veidt,322
Neena Gupta,323
Julianne Nicholson,324
Nimrat Kaur,325
Harshaali Malhotra,326
Danny Denzongpa,327
Jessica Chastain,330
Jared Bush,331
Nakul Roshan Sahdev,335
Frantz Turner,337
Yayan Ruhian,338
Vin Diesel,340
Lucy Boynton,343
Irandhir Santos,346
Viola Davis,348
Morena Baccarin,349
Simon Yam,352
Mete Horozoglu,354
Mila Kunis,356
André Ramiro,357
Chiara Mastroianni,359
Jennifer Garner,360
Thandie Newton,361
Djimon Hounsou,362
Edgar Ramírez,363
Hee Jae,364
Robert Rodriguez,365
Mathieu Amalric,366
Özge Özberk,367
Brad Garrett,368
Eva Green,369
Ivan Dobronravov,371
Yeong-su Oh,372
Belén Rueda,373
Renée Zellweger,374
Andy Lau,376
Albert Finney,378
Jun Ji-Hyun,380
Paul Bettany,381
Yilmaz Erdogan,382
Jena Malone,383
Jason Robards,384
Sissy Spacek,386
Rica Matsumoto,387
Henning Moritzen,388
Vinícius de Oliveira,389
Harry Connick Jr.,390
Jan Josef Liefers,391
Dwight Yoakam,392
Brenda Blethyn,393
Madeleine Stowe,394
Iemasa Kayumi,395
Chris Sarandon,396
Jesse Borrego,398
Chris O'Donnell,399
Scott Weinger,400
Paige O'Hara,402
Mary McDonnell,403
Ossie Davis,404
Nozomu Sasaki,406
Mandy Patinkin,407
Solveig Dommartin,408
Raphael Fejtö,409
Keiko Yokozawa,410
John Gielgud,412
Tsutomu Yamazaki,413
Diane Keaton,415
Robert Shaw,416
John Cazale,417
Madeline Kahn,418
Norma Crane,423
Stefania Sandrelli,424
John Cassavetes,426
Roddy McDowall,427
Anne Bancroft,428
Christopher Plummer,430
Julie Christie,431
Gian Maria Volontè,432
Anouk Aimée,433
Sady Rebbot,434
Jackie Gleason,435
Anita Ekberg,436
Dean Martin,437
Lee Remick,438
Coleen Gray,442
Shelley Winters,443
Véra Clouzot,445
Don Taylor,446
Gloria Grahame,449
John Dall,451
Jane Greer,452
Trevor Howard,453
Dana Andrews,454
Priscilla Lane,456
Mary Astor,457
Jane Darwell,458
Mervyn LeRoy,459
Nora Gregor,460
Louis Wolheim,462
Vladimir Barskiy,463
Sanjana Sanghi,465
Sakura Andô,466
Timothée Chalamet,468
Dave Johns,469
Koyu Rankin,470
Julian Dennison,471
Aidan Gillen,473
Tom Hiddleston,474
Rene Russo,475
Thomasin McKenzie,476
Jeremy Renner,477
John Boyega,478
Niels Arestrup,486
Lina Leandersson,488
David James,489
Marisa Tomei,490
Kareena Kapoor,491
Patricia Arquette,492
Laura Vasiliu,493
Zachary Quinto,494
Tony Todd,496
Kazunari Ninomiya,497
Catinca Untaru,498
Meryl Streep,500
Marc-André Grondin,501
François Berléand,502
Gwyneth Paltrow,503
Nick Frost,504
Sibel Kekilli,505
Javier Cámara,509
Rene Bitorajac,510
Hiroyuki Okiura,511
Gastón Pauls,513
Clive Owen,514
Patrick Fugit,515
Laura Harring,516
Issey Takahashi,519
Temuera Morrison,520
Emi Shinohara,523
Brenda Fricker,526
Dianne Wiest,529
Kim Greist,530
Michael McKean,531
Melinda Dillon,532
Dan Aykroyd,533
Jessica Lange,535
Ken Foree,536
Horacio Salinas,538
Bruno Zanin,539
Delphine Seyrig,540
Ruy Guerra,541
Bud Cort,542
Ernest Borgnine,544
Judith O'Dea,545
Laurence Harvey,549
Monica Vitti,551
Eiji Okada,552
Jeffrey Hunter,554
Raymond Massey,555
Robert Walker,557
Maureen O'Hara,559
Lauren Bacall,561
Jane Wyman,562
Rosalind Russell,564
Errol Flynn,565
Fay Wray,567
Leila Hyams,568
Alexander Granach,569
Charlie Hunnam,570
Olivia Cooke,572
Taraneh Alidoosti,573
Barry Keoghan,574
Anna Foglietta,575
Octavia Spencer,576
Hugh Grant,577
Art Parkinson,579
Kiara Advani,580
Michelle Williams,581
Louis Hofmann,582
Diego Luna,583
Douglas Booth,587
Imelda Staunton,588
Carlo Verdone,590
Yami Gautam,592
Ryan Potter,593
Rachel McAdams,594
Adil Hussain,595
Hidetoshi Nishijima,596
Jim Sturgess,598
Kara Hayward,599
Steve Carell,601
Yoshino Kimura,602
Rooney Mara,604
Barkhad Abdi,605
Sae-ron Kim,606
Corey Hawkins,607
Ernst Jacobi,611
Noomi Rapace,612
Alex Sharp,613
Maggie Grace,616
Markéta Irglová,618
Nurgül Yesilçay,620
Carey Mulligan,622
Zoe Saldana,624
Sarah Polley,625
Raoul Max Trujillo,626
Matthew Macfadyen,632
Diane Ladd,633
Tôru Emori,634
Gina Torres,635
Reese Witherspoon,636
Henrik Lundström,637
Rodrigo De la Serna,639
Artyom Bogucharskiy,640
Jean-Claude Donda,641
Trevor Jack Brooks,644
Will Patton,645
Michelle Yeoh,646
Marisa Paredes,647
Helen Hunt,648
Sean Patrick Flanery,649
Chris Cooper,651
Mike Myers,652
Kayoko Kishimoto,654
Deborah Kara Unger,656
Stellan Skarsgård,657
Mike Vitar,661
Lesley Sharp,663
Chazz Palminteri,665
Frank Paur,666
Wladyslaw Kowalski,669
Laurence Fishburne,670
Minami Takayama,673
Danny Lee,675
Carl Weathers,678
Sarah Berry,679
Alan Ruck,680
John Lurie,681
Whoopi Goldberg,683
Judd Nelson,684
Haing S. Ngor,685
Scott Glenn,687
Jerry Lewis,688
Drew Barrymore,689
Brooke Adams,691
Sondra Locke,692
Jennifer Drake,695
Terence Alexander,696
Michael York,698
Jack Albertson,699
Alan Arkin,701
Rex Harrison,704
Dick Van Dyke,705
Gerd Oswald,706
Oskar Werner,707
Peter Wyngarde,708
Jean Seberg,709
Edward G. Robinson,711
Claire Trevor,714
Michael Redgrave,715
Elsa Lanchester,717
Harpo Marx,718
Paul Muni,719
Mae Clarke,720
Marina de Tavira,721
Alec Secareanu,722
Allison Williams,725
Henry Cavill,726
Bahar Pars,727
Jemaine Clement,728
Sara Takatsuki,729
Taron Egerton,731
RJ Cyler,733
Adèle Exarchopoulos,735
Johan Heldenbergh,737
Nargis Fakhri,739
Will Forte,740
Jack McBrayer,741
Mackenzie Foy,742
Christina Hendricks,743
Emmanuel Affadzi,748
Michael Fassbender,750
Jennifer Lawrence,753
Michael Sheen,758
Colm Feore,760
Callan McAuliffe,761
Takuya Ishida,762
Ken'ichi Matsuyama,763
Stephen Graham,764
Sidse Babett Knudsen,766
Forest Whitaker,767
Benno Fürmann,770
Samantha Morton,771
Mandy Moore,772
Sebastian Koch,773
Wah Yuen,777
Jennifer Jason Leigh,779
Regina King,780
Teri Hatcher,784
Dorothy Duffy,786
Katrin Saß,787
Tyler Hoechlin,792
Christian Berkel,793
Julie Walters,794
Miriam Shor,795
John Rafter Lee,797
Matt Stone,800
Jennifer Aniston,801
Jon Lovitz,802
Penélope Cruz,805
Cameron Diaz,806
Milla Jovovich,808
Jacques Villeret,809
Armin Mueller-Stahl,811
Laura Linney,812
Eleanor Bron,814
Michelle Reis,815
Jeff Anderson,817
Kermit the Frog,820
Angela Bassett,821
Tokiko Katô,823
Jessica Tandy,826
John Turturro,827
Gene Bervoets,830
Paul McGann,831
Joan Chen,832
John Malkovich,833
Kyle MacLachlan,835
Jeff Daniels,836
Rosanna Arquette,837
Charlotte Rampling,839
Leonard Nimoy,840
Brian Dennehy,841
Mary Tyler Moore,842
Jerry Zucker,843
Eiko Masuyama,844
Jamie Lee Curtis,845
Isabelle Adjani,846
John Randolph,850
John Saxon,851
Burt Reynolds,852
Andrew Robinson,854
Jean Sorel,858
Wendy Hiller,859
Ian Hendry,860
Gert Fröbe,862
Tippi Hedren,863
Anna Massey,865
Alida Valli,867
Dana Wynter,868
Natalie Wood,869
Patricia Neal,873
Glenn Ford,875
Ford Beebe Jr.,876
Gloria Stuart,877
Debra Messing,879
Aleksey Rozin,881
Bria Vinaite,882
Mckenna Grace,884
Zack Gottsagen,885
Frederick Lau,886
Doga Zeynep Doguslu,887
Jon Bernthal,889
Mark Rylance,891
Holly Hunter,892
Don Hall,893
Elena Lyadova,896
Ben Foster,897
Steve Coogan,898
Keri Russell,899
Hugo Silva,900
Ananda George,901
Michael Peña,902
Mirai Shida,903
Trine Dyrholm,906
Seth Rogen,908
Alberto Ammann,910
Elena Anaya,912
Haaz Sleiman,917
Rosario Dawson,918
Claire Danes,920
Evan McGuire,921
Sylvie Testud,924
Li Sun,925
Jessica Biel,926
Gary Stretch,927
Lena Headey,929
Jonathan Rhys Meyers,930
Patrick Wilson,931
Leigh Whannell,933
Gaspard Ulliel,937
Patricia Clarkson,938
Benicio Del Toro,939
Shin Ha-kyun,940
Barry Pepper,942
Ashton Kutcher,943
Naomie Harris,944
Aki Maeda,945
Rupert Grint,948
Christopher Eccleston,949
Vicellous Shannon,953
Justin Theroux,954
Ming-Na Wen,957
Kiefer Sutherland,960
Kevin Bacon,961
Jeremy Irons,964
Gary Farmer,965
Bill Paxton,967
Robert Duvall,969
Wiley Wiggins,970
Toshirô Yanagiba,972
Marie-Laure Dougnac,973
Meg Ryan,976
Jodi Benson,977
Priscilla Presley,978
John Candy,979
John Getz,981
Bruce Spence,983
James Remar,984
Frank Oz,985
Patrick McGoohan,986
Irene Miracle,988
François Truffaut,989
Nina van Pallandt,990
James Coburn,991
Telly Savalas,992
Sebastian Cabot,993
Vanessa Redgrave,994
Paul McCartney,995
George Peppard,996
Rock Hudson,997
Montgomery Clift,998
John Hodiak,999
Madeleine Carroll,1000
Bob Gunton,1
Aaron Eckhart,3
Martin Balsam,5
Elliot Page,9
Meat Loaf,10
Orlando Bloom,11
Gary Sinise,12
Carrie Fisher,17
Michael Berryman,18
Leslie Odom Jr.,19
Cho Yeo-jeong,20
Leandro Firmino,23
Tom Sizemore,25
David Morse,26
Giorgio Cantarini,27
Lawrence A. Bonney,29
Shima Iwashita,31
Keiko Tsushima,32
Lionel Barrymore,33
Zazie Beetz,34
Melissa Benoist,35
Omar Sy,36
Frank Finlay,39
Connie Nielsen,40
Beverly D'Angelo,41
Antonella Attili,46
Akemi Yamaguchi,47
Lea Thompson,48
Vera Miles,50
Paul Henreid,51
Henry Bergman,52
Florence Lee,53
Boluwatife Treasure Bankole,54
Ismail Hacioglu,55
Vijay Sethupathi,56
Ryô Narita,57
Fatima Sana Shaikh,58
Shameik Moore,59
Mona Singh,65
Jeff Garlin,67
Kang Hye-jeong,69
Joe Pantoliano,70
Yûko Tanaka,71
Elizabeth McGovern,72
Paul Freeman,73
Danny Lloyd,74
Sumita Sanyal,77
Charles Laughton,80
Adolphe Menjou,81
Wendell Corey,82
Erich von Stroheim,83
Jack Oakie,84
Daniel Mays,85
Sohum Shah,86
Radhika Apte,87
Asha Sharath,88
Annika Wedderkopp,89
Sareh Bayat,90
Maxim Gaudette,91
Deniz Baysal,92
Hümeyra,93
Eli Roth,94
Tom Wilkinson,95
Rufus,96
Jennifer Connelly,98
Thora Birch,99
Bahare Seddiqi,101
Don Rickles,102
Michael Madsen,104
Vincent D'Onofrio,105
Liubomiras Laucevicius,106
Carrie Henn,107
Elizabeth Berridge,108
Steven Bauer,109
Klaus Wennemann,111
Cybill Shepherd,112
Michael Bates,114
William Sylvester,115
James Mason,119
Barbara Bel Geddes,120
Donald O'Connor,121
Shin'ichi Himori,122
Lianella Carell,123
Dorothy Comingore,125
Inge Landgut,126
Gustav Fröhlich,127
Jackie Coogan,128
Varun Sharma,129
Mohit Raina,130
Ramachandra Raju,131
Linda Cardellini,132
Neeraj Kabi,134
Anushka Shetty,135
Lisa Haydon,138
Giorgi Nakashidze,139
Pawan Malhotra,140
Nawazuddin Siddiqui,141
Manjot Singh,142
Rajesh Abhay,143
Pablo Rago,144
Joel Edgerton,145
Jordan Nagai,147
Margot Robbie,148
Sagarika Ghatge,149
Ciarán Hinds,150
Sergi López,151
Joan Cusack,152
Rupert Graves,153
Siddharth,154
Shernaz Patel,155
Kishori Ballal,157
Ulrich Matthes,158
Tatsuya Gashûin,159
Nick Moran,162
Sermin Hürmeriç,164
Val Kilmer,165
Raveena Tandon,167
Alison Doody,169
Ljubica Adzovic,170
Chika Sakamoto,171
Bonnie Bedelia,172
Jinpachi Nezu,173
Lena Nyman,176
Michael Ansara,177
Richard Attenborough,180
Frank Overton,181
Richard Widmark,183
Ingrid Thulin,185
Bengt Ekerot,186
Robert Manuel,187
Robert Cummings,188
Sô Yamamura,189
Masayuki Mori,190
George Sanders,191
Tim Holt,192
Robert Stack,193
Tom Murray,194
Joe Keaton,195
Luàna Bajrami,196
Kirti Kulhari,197
Aoi Yûki,198
Cho Jin-woong,200
Suzanne Clément,201
Dafne Keen,203
Sean Bridgers,204
Mónica Villa,205
Tina Fey,206
Demet Akbag,207
Mithun Chakraborty,209
Neil Patrick Harris,211
Haru Kuroki,212
Luke Bracey,213
Bill Hader,214
Ileana D'Cruz,215
Olivia Wilde,217
Lisa Hannigan,220
Indraneil Sengupta,221
Nicholas Hoult,224
Jimmy Sheirgill,225
Christopher Carley,226
Cary-Hiroyuki Tagawa,229
Eric Bana,230
Catherine Keener,232
Eun-ju Lee,237
Vernon Dobtcheff,238
Gracy Singh,239
Roe-ha Kim,240
Akshaye Khanna,241
Daryl Hannah,242
Ellen DeGeneres,243
Goya Toledo,245
Mélanie Thierry,250
Branka Katic,252
John Goodman,253
Ping Lam Siu,254
Jonny Lee Miller,255
Mirjana Jokovic,257
Saïd Taghmaoui,258
Amrish Puri,259
Andrea Eckert,260
Frédérique Feder,261
Jeff Goldblum,263
Alison Crosbie,264
Saifei He,266
Corey Feldman,268
Dean Stockwell,270
Hisako Kyôda,271
Keith David,272
James Laurenson,273
José Lewgoy,274
Kristina Adolphson,275
Sean Young,276
Michael Palin,278
Burt Young,280
Peter Finch,281
Ignat Daniltsev,283
John Huston,284
Kari Sylwan,286
Jüri Järvet,287
Nathalie Delon,288
Strother Martin,289
Margaretha Krook,290
Nikolay Grinko,291
Yacef Saadi,292
Enrique Rambal,293
Victor Buono,294
Keiju Kobayashi,295
Valentin Zubkov,297
Gunnel Lindblom,298
Claire Maurier,300
Stephen Boyd,301
Franca Marzi,303
Isuzu Yamada,304
Peter van Eyck,307
Robert Arthur,308
Edmond O'Brien,309
Marius Goring,311
Frank Morgan,312
Pierre Fresnay,316
Walter Connolly,317
André Berley,318
Al Ernest Garcia,319
Margaret Livingston,320
Marion Mack,321
Friedrich Feher,322
Gajraj Rao,323
Christopher Heyerdahl,324
Kumud Mishra,325
Rosemarie DeWitt,328
Kristen Wiig,330
Ginnifer Goodwin,331
Ramya Krishnan,332
Mary Steenburgen,333
Izabela Vidovic,334
Ranveer Singh,335
John Gallagher Jr.,337
Arifin Putra,338
Matthew Goode,339
Ana de Armas,341
Gwilym Lee,343
Will Poulter,344
Ezra Miller,345
Helena Bonham Carter,347
T.J. Miller,349
Kalki Koechlin,351
Siu-Wong Fan,352
Sheetal Menon,353
Ilker Kizmaz,354
Freida Pinto,355
Caio Junqueira,357
Jaden Smith,361
Hyuk-ho Kwon,364
Emmanuelle Seigner,366
Ozan Güven,367
Lou Romano,368
Konstantin Lavronenko,371
Jong-ho Kim,372
Lola Dueñas,373
Craig Bierko,374
In-mun Kim,380
Jane Galloway Heitz,386
Shinpachi Tsuji,387
Marília Pêra,389
Thierry van Werveke,391
J.T. Walsh,392
Phyllis Logan,393
Akio Ôtsuka,395
Catherine O'Hara,396
Chris Elliott,397
Benjamin Bratt,398
James Rebhorn,399
Robby Benson,402
Graham Greene,403
Ruby Dee,404
Valeria Golino,405
Mami Koyama,406
Otto Sander,408
Francine Racette,409
Kotoe Hatsui,410
Rohini Hattangadi,412
Ken'ichi Hagiwara,413
Melvyn Douglas,414
Tony Roberts,415
Penelope Allen,417
Marty Feldman,418
Victor Jory,419
Linda Blair,420
Alec Cawthorne,421
Leonard Frey,423
Gastone Moschin,424
Katharine Ross,425
Kim Hunter,427
George Segal,429
Eleanor Parker,430
Geraldine Chaplin,431
Marianne Koch,432
André S. Labarthe,434
Piper Laurie,435
Ricky Nelson,437
Ben Gazzara,438
Burl Ives,440
Susan Harrison,441
Vince Edwards,442
Lillian Gish,443
Richard Basehart,444
Paul Meurisse,445
Otto Preminger,446
Eddie Albert,447
Frank Lovejoy,449
Valerie Hobson,450
Stanley Holloway,453
Clifton Webb,454
Gladys George,457
John Carradine,458
Norman Taurog,459
Paulette Dubost,460
Maureen O'Sullivan,461
John Wray,462
Grigoriy Aleksandrov,463
Sahil Vaid,465
Kirin Kiki,466
Julia Greer,467
Michael Stuhlbarg,468
Hayley Squires,469
Rima Te Wiata,471
Samantha Isler,472
Maria Doyle Kennedy,473
Oscar Isaac,478
Seamus Davey-Fitzpatrick,479
Taner Birsel,481
Isabelle Huppert,484
Adel Bencherif,486
Dominique McElligott,487
Per Ragnar,488
Jason Cope,489
Evan Rachel Wood,490
Tarun Arora,491
Vlad Ivanov,493
John Billingsley,496
Tsuyoshi Ihara,497
Justine Waddell,498
Danielle Proulx,501
Jean-Baptiste Maunier,502
Terrence Howard,503
Kate Ashfield,504
Güven Kiraç,505
Filip Sovagovic,510
Yoshiyuki Takei,511
Graciela Tenenbaum,513
Kate Hudson,515
Takashi Tachibana,519
Mamaengaroa Kerr-Bell,520
Dennis Hopper,521
Takeshi Aono,523
Penelope Ann Miller,524
Alison Whelan,526
Bill Bernstein,527
Christopher Guest,531
Darren McGavin,532
Cab Calloway,533
Mariel Hemingway,534
Ann Reinking,535
Scott H. Reiniger,536
Jack Warden,537
Zamira Saunders,538
Pupella Maggio,539
Paul Frankeur,540
Helena Rojo,541
Vivian Pickles,542
Stephen Young,543
Robert Ryan,544
Karl Hardman,545
Warren Oates,547
Jean Simmons,550
Lea Massari,551
Stella Dassas,552
Julie Harris,555
Thomas Mitchell,556
Ruth Roman,557
William H. Lynn,558
John Payne,559
John Ridgely,561
Phillip Terry,562
Ralph Bellamy,564
Olivia de Havilland,565
Chico Marx,566
Robert Armstrong,567
Olga Baclanova,568
Gustav von Wangenheim,569
Michelle Dockery,570
Rajit Kapoor,571
Paul Raci,572
Babak Karimi,573
Marco Giallini,575
Janelle Monáe,576
Hugh Bonneville,577
Kyle Chandler,581
Joel Basman,582
Alan Tudyk,583
Florence Pugh,586
Jerome Flynn,587
Dominic West,588
Ali Mosaffa,589
Sabrina Ferilli,590
Annu Kapoor,592
Scott Adsit,593
Mehdi Nebbou,595
Miori Takimoto,596
Annie Potts,597
Sylvia Hoeks,598
Masaki Okada,602
Jeon Gook-Hwan,603
Barkhad Abdirahman,605
Tae-hoon Kim,606
Jason Mitchell,607
Jin Goo,608
Yeong-hie Seo,609
Richard Armitage,610
Leonie Benesch,611
Ewa Fröling,612
Sacha Baron Cohen,613
Magnus Millang,614
Famke Janssen,616
Rupert Friend,617
Hugh Walsh,618
Tuncel Kurtiz,620
Dalia Hernández,626
Tilda Swinton,629
Nicolas Bro,631
Iain Rea,633
Yoshiaki Umegaki,634
Gustaf Skarsgård,637
Mía Maestro,639
Pavel Ponomaryov,640
Michel Robin,641
Christopher Adamson,643
Lorelei Linklater,644
Wood Harris,645
Ziyi Zhang,646
Candela Peña,647
Paul Sanchez,648
Norman Reedus,649
Eddie Murphy,652
Billy Zane,653
Ren Osugi,654
Katrin Cartlidge,657
Sarah Jessica Parker,658
Juliette Lewis,659
Art LaFleur,661
John Haycraft,662
Sela Ward,664
Lillo Brancato,665
Dan Riba,666
Teresa Mo,667
Lisanne Falk,668
Halina Gryglaszewska,669
Hudhail Al-Amir,670
Julie Kavner,672
Rei Sakuma,673
Sally Yeh,675
Kevin Peter Hall,678
Dan Hicks,679
Mia Sara,680
Jeff Cohen,682
Oprah Winfrey,683
Molly Ringwald,684
Diahnne Abbott,688
Peter Coyote,689
Jane Alexander,690
Chief Dan George,692
Allen Garfield,694
Eric Baugin,695
Michel Auclair,696
Helmut Griem,698
Peter Ostrum,699
Sylvia Miles,700
Richard Crenna,701
Michael J. Pollard,703
David Tomlinson,705
Bernhard Wicki,706
Henri Serre,707
Megs Jenkins,708
Daniel Boulanger,709
Walter Brennan,712
Macdonald Carey,713
Andy Devine,714
Paul Lukas,715
Charles Ruggles,716
Ann Dvorak,719
Diego Cortina Autrey,721
Gemma Jones,722
Julia Jones,724
Bradley Whitford,725
Ving Rhames,726
Filip Berg,727
Kasumi Arimura,729
Tom Prior,730
Nat Wolff,732
Salim Kechiouche,735
Nell Cattrysse,737
Shammi Kapoor,739
June Squibb,740
Jane Lynch,741
Marcia Gay Harden,743
Will Ferrell,745
Ricky Adelayitor,748
Justin Timberlake,749
Justin Bartha,751
Geoffrey Arend,755
Katsunosuke Hori,759
Amy Ryan,760
Rebecca De Mornay,761
Mitsutaka Itakura,762
Asaka Seto,763
Jo Hartley,764
Gillian Anderson,767
Craig Parkinson,771
Zachary Levi,772
Thom Hoffman,773
Qiu Yuen,777
Aitana Sánchez-Gijón,779
Kerry Washington,780
Giovanni Ribisi,781
John Hodgman,784
Billy Connolly,785
Nora-Jane Noone,786
Chulpan Khamatova,787
Rob Maxey,792
Oliver Stokowski,793
Jean Heywood,794
Stephen Trask,795
Julia Roberts,796
Pamela Adlon,797
Mary Kay Bergman,800
David Herman,801
Olivia Williams,804
Chete Lera,805
Greg Kinnear,807
Francis Huster,809
Justin Braine,811
Derek Jacobi,813
Liam Cunningham,814
Marilyn Ghigliotti,817
Roberta Maxwell,819
Dave Goelz,820
Delroy Lindo,821
Russell Means,822
Bunshi Katsura Vi,823
Alec Baldwin,824
Demi Moore,825
Mary Stuart Masterson,826
Joanna Cassidy,829
Johanna ter Steege,830
Richard Griffiths,831
Miranda Richardson,833
Helmut Qualtinger,834
Verna Bloom,837
Patrick Horgan,838
DeForest Kelley,840
Judd Hirsch,842
Robert Hays,843
Kiyoshi Kobayashi,844
Tony Moran,845
Georges Adet,847
Slim Pickens,849
Jack Kehoe,850
Jim Kelly,851
Ned Beatty,852
Harry Guardino,854
Mary Ure,855
John Fiedler,856
Michel Piccoli,858
John Fraser,860
Ulla Jacobsson,861
Honor Blackman,862
Polly Bergen,864
Moira Shearer,865
Juliette Mayniel,867
Larry Gates,868
Sal Mineo,869
Cecil Parker,870
Barry Fitzgerald,872
Hugh Marlowe,873
Robert Morley,874
George Macready,875
Norman Ferguson,876
William Harrigan,877
Joseph Lee,879
Matvey Novikov,881
Lindsay Duncan,884
Ann Owens,885
Franz Rogowski,886
Tugba Sunguroglu,887
Dave Bautista,888
Jon Hamm,889
Alan Alda,891
Sarah Vowell,892
Tessa Thompson,895
Roman Madyanov,896
Sophie Kennedy Clark,898
Andy Serkis,899
Ray Sahetapy,901
Anna Kendrick,902
Sam Elliott,904
Markus Rygaard,906
Jason Segel,907
Antonio Resines,910
Jan Cornet,912
Max Riemelt,914
Tim McGraw,916
Danai Gurira,917
Sienna Miller,920
Pascal Greggory,924
Yong Dong,925
Paul Giamatti,926
Toby Kebbell,927
David Wenham,929
Carla Gugino,931
Elisabeth Shue,935
Thibault Verhaeghe,936
Bobby Cannavale,938
Bae Doona,940
Amy Smart,943
Tarô Yamamoto,945
Anjelica Huston,946
Daniel Giménez Cacho,947
Richard Harris,948
Fionnula Flanagan,949
Joseph Fiennes,951
Josh Lucas,954
Herbert Knaup,955
Tobey Maguire,958
Arno Frisch,959
John Roselius,962
James Fleet,963
Crispin Glover,965
Annie Corley,966
Janusz Gajos,968
Barbara Hershey,969
Ralph Macchio,971
Dominique Pinon,973
Daniel Stern,974
Andy Garcia,975
Samuel E. Wright,977
O.J. Simpson,978
Laila Robins,979
Gary Busey,980
Jane Fonda,982
Michael Preston,983
Dorsey Wright,984
Jerry Nelson,985
Roberts Blossom,986
Richard Briers,987
Bo Hopkins,988
Teri Garr,989
Romolo Valli,991
Louis Prima,993
Sarah Miles,994
George Harrison,995
Walter Slezak,999
Lucie Mannheim,1000
William Sadler,1
Caroline Goodall,8
Zach Grenier,10
Sean Bean,11
Sally Field,12
Aldo Giuffrè,13
Lorraine Bracco,16
Billy Dee Williams,17
Peter Brocco,18
Renée Elise Goldsberry,19
Choi Woo-sik,20
Aparna Balamurali,21
Matheus Nachtergaele,23
Rumi Hiiragi,24
Edward Burns,25
Bonnie Hunt,26
Giustino Durano,27
Andrew Kevin Walker,28
Kasi Lemmons,29
Tetsurô Tanba,31
Yukiko Shimazaki,32
Frances Conroy,34
Paul Reiser,35
Anne Le Ny,36
Emilia Fox,39
Oliver Reed,40
Jennifer Lien,41
Stephen Baldwin,42
James Earl Jones,44
Robert Patrick,45
Isa Danieli,46
Yoshiko Shinohara,47
John Gavin,50
Tiny Sandford,52
Harry Myers,53
Kawsar Al Haddad,54
Kyung-jin Lee,55
Shraddha Srinath,56
Sanya Malhotra,58
Jake Johnson,59
Sharman Joshi,65
Tisca Chopra,66
Fred Willard,67
Ulrich Tukur,68
Kim Byeong-Ok,69
Mark Boone Junior,70
Treat Williams,72
John Rhys-Davies,73
Scatman Crothers,74
Frederic Forrest,75
Veronica Cartwright,76
Ramesh Deo,77
Kyôko Kagawa,78
Keenan Wynn,79
Thelma Ritter,82
Nancy Olson,83
Reginald Gardiner,84
Jyoti Malshe,86
Anil Dhawan,87
Ansiba,88
Lasse Fogelstrøm,89
Mustafa Kamel,91
Celile Toyon Uysal,92
Ege Tanman,93
Mélanie Laurent,94
Gerry Robert Byrne,95
Lorella Cravotta,96
Dennis Farina,97
Marlon Wayans,98
Wes Bentley,99
Nafise Jafar-Mohammadi,101
Jim Varney,102
Angus Macfadyen,103
Chris Penn,104
Adam Baldwin,105
Vladas Bagdonas,106
Roy Dotrice,108
Mary Elizabeth Mastrantonio,109
Hubertus Bengsch,111
Charles Durning,113
Warren Clarke,114
Daniel Richter,115
Mara Krupp,116
Ray Walston,118
Jessie Royce Landis,119
Tom Helmore,120
Debbie Reynolds,121
Haruo Tanaka,122
Elena Altieri,123
Byron Barr,124
Agnes Moorehead,125
Otto Wernicke,126
Rudolf Klein-Rogge,127
Carl Miller,128
Prateik,129
Archana Jois,131
Sebastian Maniscalco,132
Caleb Landry Jones,133
Tamannaah Bhatia,135
Rashida Jones,136
Rajat Kapoor,137
Jeffrey Ho,138
Misha Meskhi,139
Art Malik,140
Tigmanshu Dhulia,141
Ram Kapoor,142
Hemendra Dandotiya,143
Carla Quevedo,144
Jennifer Morrison,145
John Ratzenberger,147
Shilpa Shukla,149
Martin Stringer,150
Stephen Rea,153
Ayesha Kapoor,155
Smit Sheth,157
Juliane Köhler,158
Akihiro Miwa,159
Kim Basinger,163
Yesim Salkim,164
Karisma Kapoor,167
Denholm Elliott,169
Husnija Hasimovic,170
Shigesato Itoi,171
Reginald VelJohnson,172
Daisuke Ryû,173
Frank Vincent,174
Halvar Björk,176
Johnny Sekka,177
Amjad Khan,178
Eric Idle,179
Rosemary Murphy,181
Yôko Tsukasa,182
George Raft,184
Nils Poppe,186
Janine Darcey,187
John Williams,188
Setsuko Hara,189
Celeste Holm,191
Bruce Bennett,192
Felix Bressart,193
Erwin Connelly,195
Andrea Tariang,197
Kenshô Ono,198
Bárbara Lennie,199
Moon So-Ri,200
Patrick Huard,201
Kay Kay Menon,202
Boyd Holbrook,203
Wendy Crewson,204
Diego Starosta,205
Graham Norton,206
Ayberk Pekcan,207
Boman Irani,208
Mahesh Manjrekar,209
Tyler Perry,211
Yukito Nishii,212
Teresa Palmer,213
Lewis Black,214
Saurabh Shukla,215
Caitriona Balfe,218
Liev Schreiber,219
Katrina Kaif,222
Melissa Leo,223
Zoë Kravitz,224
Aamir Bashir,225
Ahney Her,226
Michael Gambon,227
Kazuko Yoshiyuki,228
Sarah Roemer,229
Barry Humphries,230
Christopher Mintz-Plasse,231
Xolani Mali,236
Hyeong-jin Kong,237
Louise Lemoine Torrès,238
Sunil Dutt,239
Jae-ho Song,240
Alexander Gould,243
Álvaro Guerrero,245
Yûko Miyamura,247
Rachel Shelley,248
Bill Nunn,250
Noah Emmerich,251
Florijan Ajdini,252
Tung Cho 'Joe' Cheung,254
Kevin McKidd,255
Steve Buscemi,256
Slavko Stimac,257
Abdel Ahmed Ghili,258
Farida Jalal,259
Hanno Pöschl,260
Jean-Pierre Lorit,261
Faye Wong,262
Philip King,264
You Ge,265
Cuifen Cao,266
Josh Charles,267
Jerry O'Connell,268
Aurore Clément,270
Gorô Naya,271
Richard Masur,272
Eleanor David,273
Miguel Ángel Fuentes,274
Börje Ahlstedt,275
Edward James Olmos,276
Terry Gilliam,278
John Savage,279
Hardy Krüger,282
Oleg Yankovskiy,283
Perry Lopez,284
John Hillerman,285
Vladislav Dvorzhetskiy,287
Cathy Rosier,288
J.D. Cannon,289
Nikolay Sergeev,291
Samia Kerbash,292
José Baviera,293
Wesley Addy,294
Yûnosuke Itô,295
Evgeniy Zharikov,297
Birgitta Pettersson,298
Dick York,299
Guy Decomble,300
Haya Harareet,301
Kamatari Fujiwara,302
Dorian Gray,303
Sessue Hayakawa,305
Folco Lulli,307
Porter Hall,308
Margaret Wycherly,309
Joseph Schildkraut,312
Judith Anderson,313
Edward Arnold,314
Roscoe Karns,317
Maurice Schutz,318
Harry Crocker,319
Bodil Rosing,320
Glen Cavender,321
Lil Dagover,322
Richard Dormer,324
Prakash Belawadi,325
Sunny Pawar,329
Kate Mara,330
Jason Bateman,331
Sathyaraj,332
Vijay Raaz,335
Kaitlyn Dever,337
Oka Antara,338
Allen Leech,339
Ben Hardy,343
Paul Rudd,345
Milhem Cortaz,346
Bryce Dallas Howard,348
Ed Skrein,349
Merila Zare'i,350
Dibyendu Bhattacharya,351
Ka Tung Lam,352
Katie A. Keane,353
Baris Bagci,354
Steve Zahn,360
Brian Howe,361
Kagiso Kuypers,362
Julia Stiles,363
Jin-mo Joo,364
Marie-Josée Croze,366
Safak Sezer,367
Patton Oswalt,368
Jeffrey Wright,369
Nataliya Vdovina,371
Kim Young-Min,372
Mabel Rivera,373
Jaya Bachchan,375
Anthony Chau-Sang Wong,376
Jason Lee,379
Song Wok-suk,380
Altan Erkekli,382
Holmes Osborne,383
Peter Stormare,385
Joseph A. Carpenter,386
Masaaki Ôkura,387
Paprika Steen,388
Soia Lira,389
John Ritter,392
Claire Rushbrook,393
Joseph Melito,394
William Hickey,396
Stephen Tobolowsky,397
Enrique Castillo,398
Gabrielle Anwar,399
Linda Larkin,400
Jesse Corti,402
Rodney A. Grant,403
Richard Edson,404
Gerald R. Molen,405
Tesshô Genda,406
Curt Bois,408
Stanislas Carré de Malberg,409
Minori Terada,410
Paul Winfield,411
Roshan Seth,412
Carol Kane,415
Lorraine Gary,416
Sully Boyar,417
Peter Boyle,418
Don Gordon,419
John Matthews,421
Ben Johnson,422
Molly Picon,423
Enzo Tarascio,424
Sidney Blackmer,426
Maurice Evans,427
William Daniels,428
Sandy Dennis,429
Richard Haydn,430
Wolfgang Lukschy,432
Sandra Milo,433
Guylaine Schlumberger,434
Yvonne Furneaux,436
Angie Dickinson,437
Arthur O'Connell,438
Joseph Calleia,439
Jack Carson,440
Martin Milner,441
Jay C. Flippen,442
James Gleason,443
Aldo Silvani,444
Robert Strauss,446
Hartley Power,447
Carl Benton Reid,449
Joan Greenwood,450
Dick Hogan,451
Rhonda Fleming,452
Joyce Carey,453
Vincent Price,454
Charley Grapewin,458
Richard Thorpe,459
Mila Parély,460
Nat Pendleton,461
Arnold Lucy,462
Ivan Bobrov,463
Saswata Chatterjee,465
Mayu Matsuoka,466
Azhy Robertson,467
Amira Casar,468
Sharon Percy,469
Bob Balaban,470
Rachel House,471
Annalise Basso,472
Jack Reynor,473
Ariane Labed,479
Ahmet Mümtaz Taylan,481
James Cromwell,482
Alexandre Tharaud,484
Reda Kateb,486
Rosie Shaw,487
Henrik Dahl,488
Nathalie Boltt,489
Mark Margolis,490
Dara Singh,491
Elijah Smith,492
Alexandru Potocean,493
Elizabeth Berrington,495
Ellen Crawford,496
Ryô Kase,497
Kim Uylenbroek,498
Émile Vallée,501
Kad Merad,502
Lucy Davis,504
Zarah Jane McKenzie,505
Emmy Rossum,506
Leonor Watling,509
Georges Siatidis,510
Beau Billingslea,511
María Mercedes Villagra,513
Jeanne Bates,516
Luis Guzmán,518
Shigeru Muroi,519
Julian Arahanga,520
Benoît Régent,522
Osamu Saka,523
John Leguizamo,524
Anthony Michael Hall,525
Kirsten Sheridan,526
Claire Bloom,527
Charles Martin Smith,528
Katherine Helmond,530
Kimberly Stringer,531
Scott Schwartz,532
Michael Murphy,534
Leland Palmer,535
Gaylen Ross,536
Juan Ferrara,538
Armando Brancia,539
Bulle Ogier,540
Del Negro,541
Cyril Cusack,542
Michael Strong,543
Marilyn Eastman,545
John Castle,546
Lee Grant,547
Angela Lansbury,549
Dominique Blanchar,551
Pierre Barbaud,552
Ward Bond,554
Lloyd Bridges,556
Leo G. Carroll,557
Victoria Horne,558
Gene Lockhart,559
Louis Calhern,560
Martha Vickers,561
Howard Da Silva,562
Ruth Hussey,563
Basil Rathbone,565
Bruce Cabot,567
Roscoe Ates,568
Greta Schröder,569
Jeremy Strong,570
Shishir Sharma,571
Lauren Ridloff,572
Mina Sadati,573
Edoardo Leo,575
Sally Hawkins,577
Diljit Dosanjh,578
Disha Patani,580
Lucas Hedges,581
Mikkel Boe Følsgaard,582
Walton Goggins,585
Eliza Scanlen,586
Robert Gulaczyk,587
Pauline Burlet,589
Carlo Buccirosso,590
Lillete Dubey,591
Dolly Ahluwalia,592
Jamie Chung,593
Lydia Wilson,594
Priya Anand,595
Masahiko Nishimura,596
Tony Hale,597
Craig Ferguson,600
Ho-jin Chun,603
Hee-won Kim,606
Neil Brown Jr.,607
Je-mun Yun,608
Yoo-Jeong Kim,609
Ken Stott,610
Lena Endre,612
Lars Ranthe,614
Leland Orser,616
Zac Mattoon O'Brien,617
Gerard Hendrick,618
Nursel Köse,620
Michelle Rodriguez,624
Linh Dan Pham,625
Rudy Youngblood,626
Julia Ormond,629
Kirron Kher,630
Tessa Mitchell,633
Aya Okamoto,634
Linda Zilliacus,637
Mercedes Morán,639
Lyubov Agapova,640
Monica Viegas,641
Kim Tae-Woo,642
JB Blanc,643
Ryan Hurst,645
Chen Chang,646
Antonia San Juan,647
Lari White,648
David Della Rocco,649
Diane Venora,650
Chris Owen,651
Susumu Terajima,654
Gore Vidal,655
Jean-Marc Barr,657
Patrick Renna,661
Christopher Reeve,662
Greg Cruttwell,663
Francis Capra,665
Eric Radomski,666
Philip Chan,667
Alan Randolph Scott,668
Kalina Jedrusik,669
Lloyd Avery II,670
Frances Sternhagen,671
Ruth Nelson,672
Kappei Yamaguchi,673
Kong Chu,675
Thomas F. Wilson,676
Brad Dourif,677
Elpidia Carrillo,678
Kassie Wesley DePaiva,679
Jeffrey Jones,680
Margaret Avery,683
Ally Sheedy,684
Julian Sands,685
Harold Ramis,686
Dennis Quaid,687
Sandra Bernhard,688
Dee Wallace,689
Justin Henry,690
Linda Manz,691
Bill McKinney,692
Saeed Jaffrey,693
Jean Topart,695
Alan Badel,696
Ramon Bieri,697
Joel Grey,698
Roy Kinnear,699
John McGiver,700
Efrem Zimbalist Jr.,701
Katharine Houghton,702
Wilfrid Hyde-White,704
Glynis Johns,705
Darryl F. Zanuck,706
Vanna Urbino,707
Henri-Jacques Huet,709
Joanne Dru,710
Dolores Moran,712
Henry Travers,713
May Whitty,715
Walter Catlett,716
Zeppo Marx,718
Karen Morley,719
John Boles,720
Carlos Peralta,721
Ian Hart,722
Teo Briones,724
Ida Engvoll,727
Cori Gonzalez-Macuer,728
Nanako Matsushima,729
Sophie Perry,730
Nick Offerman,733
Andrea Riseborough,734
Aurélien Recoing,735
Amrita Puri,736
Geert Van Rampelberg,737
Bob Odenkirk,740
Sarah Silverman,741
Lucy Liu,743
Kurt Fuller,744
Elizabeth Banks,745
Orto Ignatiussen,746
Andrew Adote,748
Ed Helms,751
Jacki Weaver,753
Tomoko Yamaguchi,757
Tôru Furuya,759
Gattlin Griffith,760
Anthony Edwards,761
Ayami Kakiuchi,762
Yû Kashii,763
Andrew Shim,764
Sonoya Mizuno,765
Neeral Mulchandani,766
Natalie Dessay,770
Donna Murphy,772
Halina Reijn,773
Randy Quaid,774
Karina Arroyave,776
Siu-Lung Leung,777
Brian Cox,778
John Sharian,779
Clifton Powell,780
Anna Faris,781
Eric Sykes,782
Radha Mitchell,783
Jennifer Saunders,784
William Atherton,785
Anne-Marie Duff,786
Florian Lukas,787
Sarah Bolger,788
Liam Aiken,792
Wotan Wilke Möhring,793
Jamie Draven,794
Theodore Liscinski,795
Wendee Lee,797
Tim Blake Nelson,798
Matthew Edison,799
Isaac Hayes,800
Ajay Naidu,801
Dylan Baker,802
Seymour Cassel,804
Fele Martínez,805
Ian Holm,808
Daniel Prévost,809
Bruno Kirby,810
Sonia Todd,811
John Mahoney,812
Rusty Schwimmer,814
Charlie Yeung,815
Maria Grazia Cucinotta,816
Lisa Spoonauer,817
Bruce Davison,818
Buzz Kilman,819
Miss Piggy,820
Spike Lee,821
Eric Schweig,822
Tsunehiko Kamijô,823
Mary-Louise Parker,826
Judy Davis,827
Charles Fleischer,829
Gwen Eckhaus,830
Ralph Brown,831
Ruocheng Ying,832
Nigel Havers,833
Elya Baskin,834
Irving Metzman,836
Tommy Chong,837
John Buckwalter,838
James Doohan,840
Timothy Hutton,842
Julie Hagerty,843
Makio Inoue,844
Nancy Kyes,845
Jo Van Fleet,846
Frank Adu,847
Hector Elizondo,848
Harvey Korman,849
Biff McGuire,850
Ahna Capri,851
Ronny Cox,852
Tony Lo Bianco,853
Reni Santoni,854
Patrick Wymark,855
Herb Edelman,856
Geneviève Page,858
Leo McKern,859
James Booth,861
Shirley Eaton,862
Lori Martin,864
Maxine Audley,865
Alexandre Rignault,867
King Donovan,868
Jim Backus,869
Herbert Lom,870
Walter Hampden,871
Sam Jaffe,873
Peter Bull,874
David Hand,876
Michelle La,879
Marina Vasileva,881
Christopher Rivera,882
Charlie Pye Jr.,883
Dakota Johnson,885
Burak Yigit,886
Elit Iscan,887
Eiza González,889
Huck Milner,892
Auli'i Cravalho,893
Phylicia Rashad,895
Vladimir Vdovichenkov,896
Gil Birmingham,897
Mare Winningham,898
Kodi Smit-McPhee,899
Aura Garrido,900
Donny Alamsyah,901
America Ferrera,902
Greg Grunberg,904
Hailee Steinfeld,905
Wil Johnson,906
Russell Brand,907
Garrett M. Brown,909
Manuel Morón,910
Abigail Breslin,913
Jennifer Ulrich,914
Mark Strong,915
Jae Head,916
Hiam Abbass,917
Michael Ealy,918
Josef Altin,919
Mick Lally,921
Michelle Monaghan,923
Yun Qu,925
Stuart Wolfenden,927
Malin Akerman,931
Bridget Moynahan,932
Ken Leung,933
Chase Ellison,935
Joséphine Lebas-Joly,936
Paul Benjamin,938
Danny Huston,939
Ji-Eun Lim,940
Melora Walters,943
Alex Palmer,944
Ben Stiller,946
Ana López Mercado,947
Maggie Smith,948
Alakina Mann,949
Rachel Griffiths,950
Rachel Weisz,951
Bill Sage,954
Nina Petri,955
Kirk Acevedo,956
BD Wong,957
Michael Lee Gogin,958
Frank Giering,959
William Hurt,960
Jason Patric,961
Louis Eppolito,962
Lance Henriksen,965
Victor Slezak,966
Jerzy Stuhr,968
Rachel Ticotin,969
Rory Cochrane,970
Mitchell Whitfield,971
Mayumi Izuka,972
Pascal Benezech,973
John Heard,974
Rene Auberjonois,977
Ricardo Montalban,978
Mitchell Ryan,980
Dan Hedaya,981
Doug McKeon,982
Max Phipps,983
Brian Tyler,984
Richard Hunt,985
Jack Thibeau,986
Ralph Richardson,987
Paolo Bonacelli,988
Mark Rydell,990
Maria Monti,991
Carroll O'Connor,992
Bruce Reitherman,993
Ringo Starr,995
Buddy Ebsen,996
Carroll Baker,997
William Bendix,999
Godfrey Tearle,1000
